Sequences,Score,Elapsed Time (s),Current Memory (MB),Peak Memory (MB)
"AAGAAAG-TTAGAT-ATCAG-ATGTGCTG-TT-AA-AGTGTTTGGTACGGGAAAATGTATAGGCGAGCTAGCCT--GCATAA
AA-AAAGGTTAGATGAGAAGCA-GTAATCCTTGAACA-TGATAGGAAA---AAAA-GAA-ATGA-A-CT-GACTCAGAAAAA",14,0.06505393981933594,0.185182,0.187351
"AA-GAAAGTTAG--ATATCAGATGTGCTG---TTA-AAGTG-TT-T-GGTACGGGAA----AATGTATAGGCGA-GCTAGCCT-GCAT-AA
CGTGAAA-TTCGGGATA-CAGA-GT-CAGGCATTCGAAG-GATTATTGGTAGGGGGGCGCTAA-G-ATAAGCGATGAT-G--TAGTTTTAA",13,0.08380746841430664,0.234704,0.236945
"AAGAAAGTTA-GATA-TCA-G-ATGTG--C-TGTTAA--AG-TGTTTG-GTACGGGA-AAATG--TA--TA---G-GCGAGCTAGCCTGCATAA
--GAAA-TTATG-TGGTAAAGTAAGCGAACCTGTCACGGAGATGAT-GAGAA-GG-ATAAA-GAATAAATAAAAGTG-G-G--AGC--G-AGA-",4,0.08131217956542969,0.217007,0.219528
"--AA-----GAAA-G-T--T-A-GAT--ATCA-GATGTGC---TGTT-A-AA-G-TG-TT-TGG-T-A-CGGGA-AAAT-GTATAGGCGAGCTA-GCCTGCATAA
GTAACATCAGAAAAGATGGTGACGAAGGAAAAAGA-G-GCGAATGGTGACAACGATGGTTATTTATGAGCGTGACAAAAAGAAAAAG--AGTTAAGG-T--A-AA",1,0.10486173629760742,0.267793,0.270402
"A-A-GA--AAGTTAGA-T-A---TC---A-GA-TGT--GCT-GTTAA-AG-TGTTTGGTACG---G-GAA-AATGT-AT--A-GGCGAGCTAGCCT-GC--ATA-A
ATATGATGAAAATGGAGTGAAAATAGGGAAGAATGAAAGAAAGGGAACAGATGGT-G-TACGTTTGAGAATAAAGTTAAGGAAGGCGGGGTAGGATCGGGGATGGA",2,0.12289714813232422,0.294044,0.296661
"AAGA-AA-GTTAGATAT--C-A-G-ATGTGCTGTT-AAAGTGT----T-TG-G--TACGGG--A--AA-ATGT-ATAG-GC-GA--G--C----T-AGCCTGCATA-A---
GTGACAAAGT-ACA-ATGGCGAAGGATG-GTTATTTAAAGAGGGAGGTATGAGGGTTTGGGGGAGGAAGA-GTGATAGTGTTGAATGAACGGGGTGAGGAAGTATATAAAT",1,0.1132349967956543,0.298374,0.301351
"AAGAAAGTTA-G-AT-ATCAG--ATGTGCTGTTAAAGT-GTTTGGTA-C--GGGAAA-AT-GTAT-AG--GCGAG--CTAGCCTGCATAA
A-GA--GT-ACGCATGATCAGCGA-GTGCA-TTAAACTAG---GG-AGCATGGGTGAGATTGGATGAAAAGTGAGGTCTAGG--GCGTA-",14,0.0694732666015625,0.214942,0.217175
"-AAGAAAGTTAGATATCAGATGTGCTGT-T-AAA-GTGTTTGGTAC-GG--GAA---AATGTATAGGC-GAGCTA---GCCT--GCATAA
TAAGAA-GTTTGG-A--AGAGGTGAT-TATGAAAAG-GATTGAAAATGGACGAATTTAATATAAAAGTAGAGATAAAAGAGTAAG-ATAA",14,0.05605816841125488,0.22159,0.223799
"AAGAAAGTTAGATATCAGA-TG-TGCTGTTAAAG-TGTTTGGTACGGGAA-AATG--TA-TAGGCGAG---CTA--GCCTGCATAA
CA-AAGG--AGA---C-GACTGATGCT-TG---GCTGTT-GAAACAAGAATAAAGCGTAATAAAAGAAAAACTAAAGGCTG--TAA",8,0.06112051010131836,0.195238,0.197439
"AAGAAAGTTAGATATCA-GATGTGCTGTTAAAGTGTTTGGTACGGGAAAATGTATAGGCGAGCTAGCCTGCATAA
T-G---G--A--T--CAAGATG-G-TGTGAAAGA-TAA---A-G--AAAAT--A--GT-G---TAG--TG-----",-7,0.03916215896606445,0.1317,0.133557
