Sequences,Score,Elapsed Time (s),Current Memory (MB),Peak Memory (MB)
"AAGAAAG-TTAGAT-ATCAG-ATGTGCTG-TT-AA-AGTGTTTGGTACGGGAAAATGTATAGGCGAGCTAGCCT--GCATAA
AA-AAAGGTTAGATGAGAAGCA-GTAATCCTTGAACA-TGATAGGAAA---AAAA-GAA-ATGA-A-CT-GACTCAGAAAAA",14,0.009723186492919922,0.174474,0.176651
"AA-GAAAGTTAG--ATATCAGATGTGCTG---TTA-AAGTG-TT-T-GGTACGGGAA----AATGTATAGGCGA-GCTAGCCT-GCAT-AA
CGTGAAA-TTCGGGATA-CAGA-GT-CAGGCATTCGAAG-GATTATTGGTAGGGGGGCGCTAA-G-ATAAGCGATGAT-G--TAGTTTTAA",13,0.010895967483520508,0.219615,0.221864
"AAGAAAGTTA-GATA-TCA-G-ATGTG--C-TGTTAA--AG-TGTTTG-GTACGGGA-AAATG--TA--TA---G-GCGAGCTAGCCTGCATAA
--GAAA-TTATG-TGGTAAAGTAAGCGAACCTGTCACGGAGATGAT-GAGAA-GG-ATAAA-GAATAAATAAAAGTG-G-G--AGC--G-AGA-",4,0.008331060409545898,0.202792,0.205321
"--AA-----GAAA-G-T--T-A-GAT--ATCA-GATGTGC---TGTT-A-AA-G-TG-TT-TGG-T-A-CGGGA-AAAT-GTATAGGCGAGCTA-GCCTGCATAA
GTAACATCAGAAAAGATGGTGACGAAGGAAAAAGA-G-GCGAATGGTGACAACGATGGTTATTTATGAGCGTGACAAAAAGAAAAAG--AGTTAAGG-T--A-AA",1,0.009654998779296875,0.250664,0.253281
"A-A-GA--AAGTTAGA-T-A---TC---A-GA-TGT--GCT-GTTAA-AG-TGTTTGGTACG---G-GAA-AATGT-AT--A-GGCGAGCTAGCCT-GC--ATA-A
ATATGATGAAAATGGAGTGAAAATAGGGAAGAATGAAAGAAAGGGAACAGATGGT-G-TACGTTTGAGAATAAAGTTAAGGAAGGCGGGGTAGGATCGGGGATGGA",2,0.009878873825073242,0.271554,0.274179
"AAGA-AA-GTTAGATAT--C-A-G-ATGTGCTGTT-AAAGTGT----T-TG-G--TACGGG--A--AA-ATGT-ATAG-GC-GA--G--C----T-AGCCTGCATA-A---
GTGACAAAGT-ACA-ATGGCGAAGGATG-GTTATTTAAAGAGGGAGGTATGAGGGTTTGGGGGAGGAAGA-GTGATAGTGTTGAATGAACGGGGTGAGGAAGTATATAAAT",1,0.009448051452636719,0.275372,0.278357
"AAGAAAGTTA-G-AT-ATCAG--ATGTGCTGTTAAAGT-GTTTGGTA-C--GGGAAA-AT-GTAT-AG--GCGAG--CTAGCCTGCATAA
A-GA--GT-ACGCATGATCAGCGA-GTGCA-TTAAACTAG---GG-AGCATGGGTGAGATTGGATGAAAAGTGAGGTCTAGG--GCGTA-",14,0.00638890266418457,0.202538,0.204779
"-AAGAAAGTTAGATATCAGATGTGCTGT-T-AAA-GTGTTTGGTAC-GG--GAA---AATGTATAGGC-GAGCTA---GCCT--GCATAA
TAAGAA-GTTTGG-A--AGAGGTGAT-TATGAAAAG-GATTGAAAATGGACGAATTTAATATAAAAGTAGAGATAAAAGAGTAAG-ATAA",14,0.006659030914306641,0.208334,0.210575
"AAGAAAGTTAGATATCAGA-TG-TGCTGTTAAAG-TGTTTGGTACGGGAA-AATG--TA-TAGGCGAG---CTA--GCCTGCATAA
CA-AAGG--AGA---C-GACTGATGCT-TG---GCTGTT-GAAACAAGAATAAAGCGTAATAAAAGAAAAACTAAAGGCTG--TAA",8,0.005891084671020508,0.182238,0.184447
"AAGAAAGTTAGATATCA-GATGTGCTGTTAAAGTGTTTGGTACGGGAAAATGTATAGGCGAGCTAGCCTGCATAA
T-G---G--A--T--CAAGATG-G-TGTGAAAGA-TAA---A-G--AAAAT--A--GT-G---TAG--TG-----",-7,0.0035479068756103516,0.122644,0.124509
"--AA-GAAAGTTA-GATATCAG--A-TGTG-CT-GTTAAAGTGTTT--GGTACGGGA-AAATGTATAGGCGAGCTAGCCTGCATAA
GTAATGAA-GTGATGAGA--AGGGAATATGGCTAGG-AAAGAGACGCAGGAA-GGGAGAAA-G-ATA----AGTTAGA--GAATTA",10,0.005766868591308594,0.181986,0.184195
"AAGAA--AG-TTA-G-ATATCAGA-TGT--GCTGTTAAAGTGTTTGG-TACG-GGAAAATGT--A-TAGG-CGA--GCTAGCCTGC-ATAA-
AAGAAGGAGATTAAGCATATGAGAAT-TCAGGAGACAAA-TAATAGGATACGTGGAGAAGGTGGAGT-GGACGAAAG--AGGATGATATAAG",20,0.006526947021484375,0.20453,0.206787
"AAGA--AAGTTAGATATCAGATGTGCTGTTA----AAG-TGTTT-G-GTA-CGGG-A-A-AAT-GTATAGGCGAGCTAGCCTGCATAA
--GATCAAG--AGGGGTGAGAAGTT-TGTTAGTGGAACATGTTAAGAGAAGCAGGTATAGAATTGTAAATGTT-G-TGGCGTT-ATA-",8,0.006406068801879883,0.208162,0.210387
"AA--AAAGGTTAGATGAGA-AGCAGTAATCC-TT-GAAC-ATGATAGGAAAAAAAG----AA-ATGAA-C--TGACTC-AGAAA-AA
CGTGAAA--TTCGG-GATACAG-AGTCAGGCATTCGAAGGATTATTGGTAGGGGGGCGCTAAGAT-AAGCGATGA-TGTAGTTTTAA",1,0.006337881088256836,0.22088,0.223097
"AAAA--AGGT--TAGATGAG-AAGCAGTAATCCT-TGA---ACATGAT-AGGA--A-AAA-AAGAAATGAAC-TG--ACTCAGAAAAA
GAAATTATGTGGTA-A--AGTAAGC-G-AA-CCTGTCACGGAGATGATGAGAAGGATAAAGAATAAATAAAAGTGGGAG-C-GAGA--",14,0.005960941314697266,0.197418,0.199643
"A-AA-A--AG----G-T--T-A-GATG-AGAA-GCAGT--AATCCTTGA-A-C-ATG---AT--AGGA-----A-AAAAAGAAATGAACTGACTCA-GAAAAA
GTAACATCAGAAAAGATGGTGACGAAGGAAAAAG-AGGCGAATGGT-GACAACGATGGTTATTTATGAGCGTGACAAAAAGAAA--AA--GAGTTAAGGTAAA",5,0.0073528289794921875,0.244272,0.246873
"A-A--A--AA---GGT-T-AGA-T-GAGAAGCA-GTAATCCTTG-AACA--TGAT--A-G---GAAAA-AAAGA-AATGAA--C----T-G-ACTCAGAAAA--A
ATATGATGAAAATGGAGTGAAAATAGGGAAGAATGAAAGAAAGGGAACAGATGGTGTACGTTTGAGAATAAAGTTAAGGAAGGCGGGGTAGGA-TCGGGGATGGA",-1,0.007708311080932617,0.253292,0.255909
"A--A-AAAGGTTAGA-TGA-GAAGCA-G-TAATCCTT---GA---AC--ATGA---TA-GGA--A--AA-A---A-AGA----AATGAAC----TGACTCAG-A-A-AAA-
GTGACAAAG-T-ACAATGGCGAAGGATGGTTAT--TTAAAGAGGGAGGTATGAGGGTTTGGGGGAGGAAGAGTGATAGTGTTGAATGAACGGGGTGAGGAAGTATATAAAT",-1,0.008372306823730469,0.276096,0.279081
"AAAAAGGTTA-G-ATGAGAAGCAGTAATCC-TTGAAC-ATG-AT-A-GGAAAAAAA-GAAATGAAC--TGAC-TC-AGAAAA-A
AGA--G-T-ACGCATGATCAGC-G-AGTGCATTAAACTAGGGAGCATGGGTGAGATTGGA-TGAAAAGTGAGGTCTAGGGCGTA",4,0.005728006362915039,0.20063,0.202823
"AAA-AAGGTTAGATGAGAAGC--A-GTAATCC-TTGAACATG-AT-AGG--AA-A-AAAAG-A-A-ATGAACTGACTCAGAAAAA
TAAGAAGTTTGGAAGAGGTGATTATGAAAAGGATTGAAAATGGACGAATTTAATATAAAAGTAGAGATAAAA-GAGTAAGATAA-",13,0.005933046340942383,0.199316,0.201517
"AAAAAGGTTAGATGA--GAAGCAGTAATC-CT-T-GAA-CATGA-TA--G-GAAA-AAAAGAAATGAACTGA---CTCAGAAAAA
CAAA-GG--AGACGACTGATGC--T--TGGCTGTTGAAACAAGAATAAAGCGTAATAAAAGAAA--AACTAAAGGCT--GTAA--",15,0.005190849304199219,0.169264,0.171465
"AAAAAGGTTAGATGAGAAGCAGTAATCCTTGAACATGATAGGAA-AAAA-AGAAATGAACTGACTCAGAAAAA
T----GGATC-A--AGATG--GTG-T----GAA-A-GATA--AAGAAAATAG---TGTA--G--T--G-----",-7,0.0034110546112060547,0.1167,0.118549
"A-AA--AAGGTTAGATGAGAAGC-AGTAATC-CTTG-AACAT-GAT--AGGAAAAAAAGAAATGAACTGACTCAGAAAA--A
GTAATGAAG-T--GATGAGAAGGGAATA-TGGCTAGGAA-AGAGACGCAGGAAGGGA-GAAA-GA--TAAGTTAGAGAATTA",14,0.005409955978393555,0.171918,0.174095
"AAAAAGGTTAGATGA-G-A-A-GCAGTAATCCTTGA-ACA--TGATAGGAAAAAAAGA-AA--TGAACTG-ACTCA-GA--A--A-A-A--
AAGAAGG--AGATTAAGCATATG-AG-AATTCAGGAGACAAATAATAGGATACGTGGAGAAGGTGGAGTGGACGAAAGAGGATGATATAAG",13,0.00616002082824707,0.198572,0.200821
"AA--AA-AGGTTAGATGAGAAGCA-GTAATCCTTGAACATGATAGGAAAA--A---A-AGAAATG-AACTGAC-T--CAGAAAAA
GATCAAGAGGG--G-TGAGAAGTTTGTTAG--TGGAACATGTTAAGAGAAGCAGGTATAGAATTGTAAATGTTGTGGC-GTTATA",11,0.0058498382568359375,0.199176,0.201377
"CGTGAAATTC-G-GGATACAGAGTCAG-GCA--T-TCGAAGGATTATTGGTAGGGGGGCGCTAA-GA-TAAGCGATGAT-GTAGTTTT-A-A
-G--AAATTATGTGG-TA-A-AGTAAGCGAACCTGTC-ACGGAG-AT-GAT-GAGAAG-GATAAAGAATAA---ATAAAAGTGGGAGCGAGA",8,0.006704092025756836,0.229622,0.231879
"----CGT--GAAA---T--T--CG--GGATACAGAGTC-A--GG---CATTCGAAGGATTATTGGTAGGGGGGCG-CTAAGATAAGCGAT-GATGT-A-GTTTTAA
GTAACATCAGAAAAGATGGTGACGAAGGAAAAAGAGGCGAATGGTGACAA-CGATGG-TTATT--TATGAGCGTGAC-AA-A-AAGAAAAAGA-GTTAAGGTA-AA",8,0.008243083953857422,0.27139,0.274015
"C---G-TGAAATTCG-G-GATACAGAGTCAGGCATTC--GAA-GG-ATTAT-TGGT--AGGGGGGCGC-TAA-GATAAG-----CGA--T-G-AT-GTAGTTTTAA
ATATGATGAAAATGGAGTGAAA-ATAGGGAAGAATGAAAGAAAGGGAACAGATGGTGTACGTTTGAGAATAAAGTTAAGGAAGGCGGGGTAGGATCGGGGATGGA-",-2,0.009132146835327148,0.29939,0.302015
"CGTGA-AAT-T-C---GG-GATACAGAGTCAGGC-ATTCGAAG-G--AT-TATT-GG-TA-GGGGG-GC--GC-T-A-AGA-T--AA-G--CGA--TGATGTAGTTT-TAA--
-GTGACAAAGTACAATGGCGA-AG-GA-T--GGTTATTTAAAGAGGGAGGTATGAGGGTTTGGGGGAGGAAGAGTGATAGTGTTGAATGAACGGGGTGAGGAAGTATATAAAT",7,0.009227991104125977,0.292544,0.295545
"CGTGAAATTCGGGAT-A-CAGAGTCAG-GCATTCGAAGGATTATTGGTAGG--GGG-GCGCTAAGAT-AAGCGATGATGT--AGTTT-TAA
AGAGTA---CGC-ATGATCAGCG--AGTGCATT--AA--ACTAG-GG-AGCATGGGTGAGATTGGATGAAAAG-TGAGGTCTAGGGCGTA-",7,0.007108211517333984,0.249393,0.251642
"CGTGA-AA-TTCGGGATACAGAGTCAGGCATTC-GAA--GGATTATTGGTAGGGGGGCGC-T--AAGATAA--GC-GATGAT----GTAGTTT--TAA
--TAAGAAGTTTGG-A-AGAG-GT--G--ATTATGAAAAGGATT---GAAAATGGA-CGAATTTAATATAAAAGTAGA-GATAAAAG-AGTAAGATAA",6,0.007359981536865234,0.246005,0.248566
"CGTGAAATTCGG-GAT-ACAGAGT-CA-GGCA-TTCGAAGGATTATTGG-TAGGGGGGCGCTAAGATAAGCGATGA-TGTAGTTT-TAA
C---AAA---GGAGACGACTGA-TGCTTGGCTGTT-GAAACA--A--GAATAAAG---CG-TAATAAAAGAAAA-ACTAAAGGCTGTAA",3,0.0062139034271240234,0.201808,0.204041
"CGTGAAATTCGGGATACAGAGTCAGGCAT-TCGAAGGATTATTGGTAGGGGGGCGCTAAGATAAGCGATGA-TGTAGTTTTAA
TG-GA--T-C---A-A--GA-T--GG--TGT-GAAAGAT-A-----A----------A-GA-AA---AT-AGTGTAGTG----",-11,0.0038700103759765625,0.138932,0.141117
"CGTGAAATTCG--G-GAT-ACA-GAG--TCA-GGCATTCGAAGGATTATTGGTAGGG-GGGCGCTAAGATAAGCGATGATGTAGTTTTAA
-GT-AA-T--GAAGTGATGAGAAGGGAAT-ATGGC-TAGGAAAGAG-AC-GC-AGGAAGGGAGA-AAGATAAGTTA-GA-GAA-TT--A-",10,0.0064618587493896484,0.196994,0.199235
"C-GT-GAA-ATTCGGGATAC-AGAGT-CAGG---CAT-TCGA-AGGATTAT-TGGTAGG-GG-GGCGCTA-A-GATAAGCGATGATGTAGTTTTAA-
AAGAAGGAGATTAAGCATATGAGAATTCAGGAGACAAATA-ATAGGAT-ACGTGG-AGAAGGTGGAG-TGGACGA-AAGAG--GATG-A-TAT-AAG",13,0.0072939395904541016,0.243872,0.246425
"CG-TGAA-ATTCGGGATACAGA-GTCAGGCATTCGAAGGATTATTGGTAGGGGG-GC-GCTA-AGATAA-GCGA-TGATGTAGTTTTA-A
-GATCAAGAG--GGG-TG-AGAAGTTTG---TTAGT-GGAACAT-GTTAAGAGAAGCAGGTATAGA-ATTGTAAATGTTGTGGCGTTATA",8,0.006909847259521484,0.22773,0.229971
"G-AA-ATTAT----G-TGGT-A--AAGTAA---G---CGAACCTG-T--CA-CGGA-G---ATG-ATGAGAAG-GATAAAGAATAAATAAAAGTGGGAGCG-AGA
GTAACATCAGAAAAGATGGTGACGAAGGAAAAAGAGGCGAA--TGGTGACAACG-ATGGTTATTTATGAGC-GTGACAAA-AAGAAA-AAGAGTTA-AG-GTAAA",13,0.007866144180297852,0.261399,0.264016
"GAAATTATG----TGG--T-AAAGTAAGCGAACC-TGTCACGGA-G--AT--GATGA-GAAGGATAAAGAATAAA-T-AA--AAGT-GGG--AG---CG---A-G-A
-ATATGATGAAAATGGAGTGAAAATAGG-GAAGAATGAAA-GAAAGGGAACAGATGGTGTACGTTTGAGAATAAAGTTAAGGAAGGCGGGGTAGGATCGGGGATGGA",9,0.00852513313293457,0.269372,0.272005
"G--A-AAT-TATG-TGGTAAAGTAAGCGA-ACCTGTCACG-G--AG--ATGA---T--GAGA-AGGATAAAGA-ATAAA-T--AA--AA-GTGG-GAGCGA-G-A-------
GTGACAAAGTACAATGGCGAAGGATG-GTTAT-T-TAAAGAGGGAGGTATGAGGGTTTGGGGGAGGA-AGAGTGATAGTGTTGAATGAACGGGGTGAG-GAAGTATATAAAT",-2,0.008867263793945312,0.294386,0.297379
"GAAATTATG--TGGTAA---AGTAAGCG--AACCTGTCACGGAG-ATGA-TGAGAA-GGATAAAGAATAAATAAAAGTG--GGAGCGAGA
-AGAGTACGCATGATCAGCGAGT--GCATTAAACT---AGGGAGCATGGGTGAGATTGGAT---GAA-AAGTGAG-GTCTAGG-GCGT-A",10,0.0067331790924072266,0.222542,0.224783
"GAA-AT-TATGTGGTAAAGTAAGCGA--ACCTGTCACGGA--GATGATG-A-GAAGG-A-TA-AAGAA-TA-A-ATAAAAGTGGGAGCGAGA
TAAGAAGT-T-TGG-AA-G-AGGTGATTA--TGAAAAGGATTGAAAATGGACGAATTTAATATAA-AAGTAGAGATAAAAGAGTAAGATA-A",14,0.006643772125244141,0.227166,0.229423
"GAAATTATGTGGTAAAGTAAGCGAACCTG-T-CACGGA-GATGATGAGAAGGATAAAG---AATAAAT-AAAAG-TGGGAG-C-G-AGA
CAAA----G-G--A--G-A--CGA-C-TGATGCTTGGCTGTTGAA-ACAAGAATAAAGCGTAATAAAAGAAAAACTAA-AGGCTGTA-A",9,0.005898237228393555,0.192012,0.194245
"GAAATTATGTGGTAAAGTAAGCGAACCTGTCACGGAGATGATGAGAAGGATAAAGAATAAATAAAAGTGGGAGCGAGA
----T---G-G--A---T---C-AA---G--ATGG---TG-TGA-AAG-ATAAAGAA-AA-TA---GTGT-AGTG---",-2,0.003609895706176758,0.126682,0.128827
"GAAATTATGTGGTAAAGTAAGCGAACCTGTC-ACGGAGATGATGA-GAAGGATAAAGA-ATAA-ATAAAAGTGGGAGCGAG-A
GTAATGAAGTGATGA-G-AAGGGAATATGGCTA-GGAAA-GA-GACGCAGGA-AGGGAGA-AAGATAA--GTTAGAGA-ATTA",19,0.005821943283081055,0.187436,0.189621
"GAA-ATTATGTG-G-TAAAGTA-A-GCGAACCTGTCACGGAGATGA-TGAGA-AGGATAA----AGAA--TAAA-T--A--AAAGTGGGA-GCGAGA--
-AAGA--A-G-GAGATTAAGCATATGAGAA--T-TCA-GGAGACAAAT-A-ATAGGATACGTGGAGAAGGTGGAGTGGACGAAAGAGG-ATGATATAAG",9,0.0069730281829833984,0.227796,0.230365
"GA--AATTATGTGGT-A-AAGTA----AGCG-AACCTGTCACGGAGATGATGAGAAGGATAAAGAATAAATAAAAGTGG-GAGCG--AGA
GATCAAG-AGG-GGTGAGAAGTTTGTTAGTGGAACATGTTA---AGA-GA--AGCAGG-TATAGAATTG-TAAATGTTGTG-GCGTTATA",18,0.00659489631652832,0.223998,0.226239
"GTAACATCAGAAAAGATGG--TGACGA-AGGAAA-AA-GAGGCGAATGGTGACAAC-GATGGT-TAT-TTATGAGCGTGACAAA--AAGAAAAA-GAGTTA--A--GGTAA---A
ATATGAT--GAAAA--TGGAGTGAAAATAGGGAAGAATGAAA-GAAAGG-GA-A-CAGATGGTGTACGTT-TGAGAAT-A-AAGTTAAGGAAGGCGGGGTAGGATCGGGGATGGA",17,0.010483264923095703,0.335404,0.338421
"GTAACATCAGAAAAGATGGTGACGAA-GGA-A---AAAGAGGCGAATGGTGACAACGATGGTTATTT---ATGA-GCGTGACAAAAA-GAAA-AA-GAGTTAAGG---TA-A-A---
GTGACAA-AGTACA-ATGGCGAAGGATGGTTATTTAAAGAGG-GA--GGT-ATGA-G--GGTT-TGGGGGAGGAAGAGTGATAGTGTTGAATGAACGGGGTGAGGAAGTATATAAAT",11,0.010625123977661133,0.337396,0.340429
"-G--TAACATCA-GAAAAGATG-GTGACGAAGGAAAA-AGAGGCGAATGGTGACAACGATGGTTATTTATGAGCGTGACAAAAAGAAAAAGAGT-TAAGG--TAAA
AGAGTA-CG-CATGATCAGC-GAGTG-C-ATT-AAACTAG-GGAGCATGG-GT----GA-G---ATTG--GA---TGA-AAAGTGA----G-GTCTAGGGCGTA--",2,0.008202075958251953,0.28563,0.288255
"GTAACA--TCAGAAAAGATGGTGACGAAGGAAAAAGAGGCGAATGGTGACAACGATGGTT-A-TTTA-TGAGCGTGACAAA--A-AGA-AAAAGAGTTAAGGTAAA
-TAAGAAGTTTGGAA-GA-GGTGATTATG-AAAA-G-G---A-T--TGA-AA--ATGGACGAATTTAAT-A---T-A-AAAGTAGAGATAAAAGAGT-AAGATAA-",22,0.008275985717773438,0.276866,0.279491
"GTAACATCAGAAAAGATGGTGACGAAGGAAAAAGA--GGCGAATGGTGACAACGATGGTTATTTATGAGCGTGACA-AAAAGAAAAAGAGTTAAGG-TA-AA
C-AA-A---G----GA-G---ACGACTGAT---GCTTGGC---TGTTGA-AACAA-GAATA---A--AGCGT-A-ATAAAAGAAAAAC--TAAAGGCTGTAA",8,0.007880926132202148,0.258154,0.260747
"GTAACATCAGAAAAGATGGTGACGAAGGAAAAAGAGGCGAATGGTGACAACGATGGTTATTTATGAGCGTGACAAAAAGAAAAAGAGTTAAGGTAAA
-T-------G----GAT-----C-AAG-AT---G-G-----TG-TGA-AA-GAT----A---A--AG----A-AAATAGT----G--T-A-G-TG--",-23,0.004835844039916992,0.169132,0.171685
"GTAACATCAGAAAAGATGGTGACGAAGGAAAAAGAGGCGAATGGTGACAACGATGGTTATTTATGA-GCGTGACAAAAAGAAAAAGAGTTA-AGGTAA--A
GTAA--T--GAA--G-TGATGA-GAAGGGAATAT-GGCTA--GG--A-AA-GA-G---ACGCAGGAAG-G-GAGAAA--GATAA-G--TTAGAG--AATTA",15,0.007512092590332031,0.231356,0.233941
"GTAACATCAG-A-A--AAG-ATGGTGACGAA----GGAAA-AAGAGGCGAATGGTGACAACGATGGTTATTTA--TGAGCGTG-ACAAAAAGAAAAAGAGTTAAGGTAAA
--AAGA--AGGAGATTAAGCATA-TGA-GAATTCAGGAGACAA-AT---AATAG-GATA-CG-TGGAGA---AGGTG-GAGTGGACGAAA-GAGGATGA-T-A---TAAG",10,0.008919239044189453,0.28855,0.291527
"GTAACATCAGAAAAGATGGTGACGAAG---GAAAAAGAGGCGA-ATGGT--GACAACG-ATGGTTATTTATGAGCGTGACAAAAAGAAAAAGAGTTAAGGTAAA
G-ATCA--AGAG--G--GGTGA-GAAGTTTGTTA--GTGGA-ACATGTTAAGAGAA-GCA-GGT-AT--A-GAAT-TGT-AAAT-GTTGTGGCGTTA---TA--",4,0.008184194564819336,0.275546,0.278155
"ATATGATGAAAATGGAGTGAAAATAGG-GAAGAATGAA-AG--AAAG-GGAACAGATGGTGT-ACG-TTTGAGA-AT-AA-AGTTA-AG-G---AAGG--CGGGGT-AGGATCGGGGATGGA-
----G-TGACAA---AGT-ACAAT-GGCGAAGGATGGTTATTTAAAGAGG----GA-GGTATGAGGGTTTGGGGGAGGAAGAGTGATAGTGTTGAATGAACGGGGTGAGGAA-GTATATAAAT",15,0.011503219604492188,0.363756,0.366837
"ATATGATGAAAATGGAGTGAAAAT-AGGGAA-GAATGAAAGAAAGGGAACAGATGGTGT-ACGTTTGAGAATAAAGTTAAG-GAAGG-CGGGGTAGGATCGGGGATGGA
AGA-G-T-AC---GCA-TGA---TCAGCGAGTGCATTAAACTA-GGGAGCA--TGG-GTGA-GATTG-GA-TGAA---AAGTGA-GGTC----TAGGG-CG----T--A",9,0.008676767349243164,0.300644,0.303613
"ATATGATGAAAATGGAGTGAAAATAGG-GAAGAATGAAA-GAAAGGGAACAGATGGTGTACG--TTTGAGA-ATAAA-GTTA-AGG-AAGGCGGGGTAGGATCGGGGATGGA
-TA--A-GAAGTTTG-G--AAGA--GGTGATTA-TGAAAAGGATTG-AA-A-ATGG---ACGAATTT-A-ATATAAAAGT-AGAGATAAAA-GAG-TAAGAT-----A---A",10,0.00912785530090332,0.302554,0.305547
"-ATATGATGAAAA-TGGAGTGAAAATAGGGAAGAATGAAAGAAAGGGAACAGATGGTGTACGTTTGAGAATAAAGTTAAGGAAGGCGGGGTAGGATCGGGGATGGA
CAAAGGA-GACGACTG-A-TGCT--T-GGCT-GT-TGAAACAA-G--AATAAA-GC-GTAA-TAAAAGAA-AAACT-AA--A-GGC----T-G--T-----A---A",-2,0.00865483283996582,0.28115,0.283775
"ATATGATGAAAATGGAGTGAAAATAGGGAAGAATGAAAGAAAGGGAACAGATGGTGTACGTTTGAGAATAAAGTTAAGGAAGGCGGGGTAGGATCGGGGATGGA
-TG-GATCAAGATGGTGTGAAA---G--A----T-AAAGAAA---A-----T-----A-GT--G----TA--GT---G--------------------------",-30,0.005131721496582031,0.182138,0.184747
"ATATGATGAAAATGGAGTGAAAATAGGGAAGAATGAA-AG-AAAGGGAA-CAG-ATGGTGTACGTTTGAGAATAAAGTTAAGGAAGGCGGGGTAGGATCGGGGATGGA
GTA--ATGAAG-TG-A-TGAGAA--GGGAATA-TGGCTAGGAAAGAGACGCAGGAAGG-G-A-GAA--AGA-TAA-GTTA-G-A-G-------A--AT------T--A",8,0.007903099060058594,0.250438,0.253079
"ATATGATGAAAATGGAG-TGAAA-ATAGGGAAGAATGAAAGA-A-AGGGAACAGATGGTG-TACGTTTGAGAATAAAGTTAAGGAA-GG-CGGG-GTAGGATCGGGGATGGA-
A-A-GA--A----GGAGATTAAGCATATG-A-GAATTCAGGAGACA---AATA-ATAG-GATACGTG-GAGAAG---GT---GGAGTGGACGAAAG-AGGAT-GAT-ATA-AG",11,0.009588956832885742,0.32772,0.330721
"ATATGATGAAAATGGAGTGAAAA-TAGGGAAGAATG-AA-A-GA-AAGGGAA-CAGATGGTGTACGT-TTGAGAATAAA-GTTAAGGAAGGCGGGGTAGGATCGGGGATGGA
----GATCAAGAGGG-GTGAGAAGTTTGTTAG--TGGAACATGTTAAGAGAAGCAG--G-TATA-GAATTG----TAAATGTT--GT--GGCG---T----T-----AT--A",4,0.008630990982055664,0.292462,0.295455
"GTGACAAAGTACA-ATGG-CGAAG-GATGGTT-ATTTAAAG-AGGGAGGTATGAGGGTTTGGGGGAGGAAGAGTGATAGTGTTGAATGAACG-G-GGTG-AGGAAGTATATAAAT
A-GA----GTACGCATGATC-A-GCGA-G-TGCATT-AAACTAGGGAGC-ATG-GG-T--G----AG-A----T--T-G-GATGAA--AA-GTGAGGTCTAGGGCGTA-------",3,0.009243965148925781,0.315812,0.318829
"GTGACA-AAGTACAATGGCGAAGGATGGTTATT-T-AAAGAGGGAGGTATGAGGGTTTGGGGGAGGAAG--AGTGATAGT-GTTGA-ATGAACGGGGTGAGGAAGTATATAAAT
-T-A-AGAAGTT---TGG--AAG-A-GGTGATTATGAAA-AGG-A--T-TGAAAAT--GG---ACGAATTTAAT-ATAAAAGTAGAGATAAAAGAG-T-A--A-G-ATA-A---",10,0.009534120559692383,0.317434,0.320443
"GTGACAAAGTACAATGGC-GAAGGATGGTTATTTAAAGAGGGAGGTATGAGGGTTTGGGGGAGGAAGAGTGATAGTGTTGAATGAACGGGGTGAGGAAGTATATAAAT
----CAAAGGAGAC-GACTGATGCTTGGCTGTTGAAACA---AG--A--A---T-------A--AAGCGTAATAAAA--GAAA-AAC----T-A--AAGGCTGTAA--",-6,0.00947880744934082,0.29921,0.301851
"GTGACAAAGTACAATGGCGAAGGATGGTTATTTAAAGAGGGAGGTATGAGGGTTTGGGGGAGGAAGAGTGATAGTGTTGAATGAACGGGGTGAGGAAGTATATAAAT
-TG-----G-A---T--C-AAG-ATGGTG-TG-AAAGA------TA--A-----------AG-AA-A---ATAGTGT--A--G-------TG---------------",-29,0.005247831344604492,0.191379,0.194012
"GTGACAAAGTACAATGGCGAAGGATGGTTATTTAAAGAGGGAGGTATGAGGGTTTGGGG-GAGGAAG-AGTGATAGTGTTGAATGAACGGGGTGAGGAAGTATATA-AAT--
GT-A-A---T-----G---AAG--TG---ATG-AGA-AGGGAA-TATG-GC-TA-GGAAAGAG-ACGCAG-GA-AG-G--GA--GAAAGA--T-A--A-GT-TAGAGAATTA",2,0.008779764175415039,0.269533,0.272526
"GTGACAA-AGTAC-AATGGCGA-AGGATGGTTATTTAAAGAGGGAGGTA-TGAGGGTTTGGGGGAGGAAGAGTGATAGTGTTGAATGAACGGGGTGAGGAAGTATATAAAT
AAGA-AGGAG-ATTAA-G-C-ATATGA-GA--ATTCAG-GAGACAAATAAT-AGGATACGTGG-AG-AAG-GTGG-AGTG--GAC-GAAAG-----AGGATG-ATATAAG-",13,0.00994873046875,0.328584,0.331569
"GTGA-CAAAGTACAATGGCGAAGGATGGTTAT-TTAAAGAGGGAGGTATGAGGGTTTGGGGGAGGAAG-AGTG-ATAGTGTTGAATGAACGGGGTGAGGAAGTATATAAAT
G--ATCAA-G-AGG--GGTGA-GAA-G-TT-TGTTA--GTGGAAC--ATG----TTAAG---AG-AAGCAG-GTATAGAATTGTA--AATGTTGTG-GC--GT-TATA---",7,0.008929967880249023,0.313576,0.316561
"-AGAGTACGCATG-ATCAGCGAGTGCATTA--AACTAGG---GAGCATGGGTGAGATTGGATG-AAAAGT-GAGGTCTAGG-GC--G-TA-
TA-AGAA-GTTTGGA--AGAG-GTG-ATTATGAAA-AGGATTGAAAATGGACGA-ATTTAATATAAAAGTAGAGATAAAAGAGTAAGATAA",13,0.006722927093505859,0.22222,0.224469
"-A--G-AGTACGCA-TGATCAGCGAGTGCA-TT-AAACTAGGGAGCATGGGTGAGATTGGATGAAAAGTGAGGTCTAG-GGC-GTA-
CAAAGGAG-ACG-ACTGAT--GCTTG-GCTGTTGAAACAAGA-ATAAAGCGT-A-ATAAAA-GAAAA---A---CTAAAGGCTGTAA",11,0.0059337615966796875,0.189756,0.191973
"AGAGTACGCATGATCAGCGAGTGCATTAAACTAGGGAGCATGGGTGAGATTGGATGAAAAGTGAGGTCTAGGGCGTA
TG-G-AT-CAAGAT--G-GTGTG-A--AA----G--A---T-----A-A----A-GAAAA-T-AG-TGTAGTG----",-7,0.0038237571716308594,0.130636,0.132773
"AGAGTAC-GCA-TGATCAGCGAGTGCATTAAA-CTAGG---GAGCATGG-GTGAGATTGGATGAAAAG-TGAGGTCTAGGGCGT-A
-G--TAATGAAGTGATGAGA-AGGGAAT-ATGGCTAGGAAAGAG-ACGCAG-GA-AG-GGA-GAAA-GATAAG-T-TAGAGAATTA",12,0.005891084671020508,0.187906,0.190115
"A-GA-G----T-ACGCAT--GA---T-CAGCGAGTGCAT-TAA-AC--TA-G-GGAGCATGGGTGAGATTGGATGAAA-AGTGAGG-TCTAGGGCGTA
AAGAAGGAGATTAAGCATATGAGAATTCAG-GAGA-CAAATAATAGGATACGTGGAGAA-GG-TG-GAGTGGACGAAAGAG-GATGATATAAG-----",14,0.007029056549072266,0.217362,0.219923
"AGAGT-ACGCATGA-TCAGCGAGTGCATTAAACTAG-GGAGCATGGGT--GAGATT--GG-AT-GAAAAGTGAG-GTCTAG-GGCGT-A--
-GA-TCAAG-AGGGGTGAGA-AGT---TTGT--TAGTGGAACATGT-TAAGAGAAGCAGGTATAGAATTGTAAATGT-T-GTGGCGTTATA",9,0.006798744201660156,0.22278,0.225029
"TAA-G-A-A-GTTTGGAAGA--GG-TGATTATGAAA-AGGATTGAAAATGGACGAATTTAATATAAAAGTAGAGA-TAAAAGAG-TAAGATAA
CAAAGGAGACGACTG-ATGCTTGGCTG-TT--GAAACAAGAAT-AAA--G--CG--T--AATA-AAA-GAAAA-ACTAAA-G-GCT--G-TAA",13,0.0064640045166015625,0.210644,0.213165
"TAAGAAGTTTGGAAGA-GGTGATTATGAAAAGGATTGAAAATGGACGAATTTAATATAAAAGTAGAGATAAAAGAGTAAGATAA
TG-GA--TC---AAGATGGTG-T---GAAA-G-AT--AAA--G-A--AA---A-TA-----GT-G---TA---G--T--G----",-8,0.003941059112548828,0.137546,0.139739
"-TAA-GAAGTT-TG-GAAGAGGTGATTATGAAAAGGATTGAAAATGGACGAATTTAATATA-AAAG-TAGAGATAAAAGAGTAAGATAA
GTAATGAAGTGATGAGAAG-GGA-AT-ATGGCTAGGA---AAGA-G-ACGCAGG-AAGGGAGAAAGATA-AGTTA---GAG-AAT-TA-",17,0.005991935729980469,0.195152,0.197385
"TAAGAAGTTTGGAAGAGGT--G-ATTATGA-AA---AGGATTGA-AAATGGACGAATTTA--ATA--TA-A-AAG-TAGAGAT--A--AAAGAGTAAGATA-A--
-AAGAAG---G-A-GAT-TAAGCAT-ATGAGAATTCAGGA--GACAAAT--A--A-T--AGGATACGTGGAGAAGGTGGAG-TGGACGAAAGAGGATGATATAAG",15,0.007089853286743164,0.234272,0.236889
"--T-AAGAAGTTTG-GAAGAGGTGATTA-TGAAA-AGGATTGAAAATGGACGAATTTAA-TATAAAAGTAGAGATAAAAGA-GTAA-GATA-A
GATCAAGAGGGGTGAGAAGTT-TG-TTAGTGGAACATG-TT-AA---G-A-GAAGC-AGGTATAGAATT-G---TAAATGTTGTGGCGTTATA",11,0.006700992584228516,0.229348,0.231869
"CAAAGGAGACGACTGATGCTTGGCTGTTGAAACAAGAATAAAGCGTAATAAAAGAAAAACTAAAGGCTGTAA
T---GGAT-CAA--GATG---G--TGT-GAAA---GA-TAAAG---AA-AATAGTG----TA--G--TG---",-2,0.003377199172973633,0.118174,0.120015
"C-AA--A-G-GA-GACGACTG-A-TGCTTGGCT-GTTGAAACA-A-GAATAAAGCGTAATAAAAGAAAAACTAAAGGCTGTAA
GTAATGAAGTGATGA-GAAGGGAATA-T-GGCTAG--GAAAGAGACGCAGGAAGGG-AG-AAA-GATAAGTTAGAGAAT-TA-",9,0.005590915679931641,0.182936,0.185121
"CA-AAGGAGACGACTGATGC-T-TG-GCTGTTGA--A-ACAAGAATAA-AGCG-TAA-TA-A-AAGAAA-A----ACTAAAG-GC-TG-TA-A--
AAGAAGGAGATTA---A-GCATATGAGAA-TTCAGGAGACAA-A-TAATAG-GATACGTGGAGAAGGTGGAGTGGACGAAAGAGGATGATATAAG",7,0.0065441131591796875,0.214528,0.217065
"---CAA-AGGAGACGACTGATGCTTGGCT-GTTGAAACAAG--AATA-AAGC-G-TAATAAAA--GAAAAACTAAAGGCTGT-A-A
GATCAAGAGGGGT-GA--GAAGTTTGT-TAGTGGAA-CATGTTAAGAGAAGCAGGTA-TAGAATTGTAAATGTTGTGGC-GTTATA",14,0.006028175354003906,0.205718,0.207927
"-T---G--G--ATCA-A-G--A-T--GG-T-GTGAAAGATA---A--A-G--A-AAA--TA-GTGTAGTG-----
GTAATGAAGTGATGAGAAGGGAATATGGCTAG-GAAAGAGACGCAGGAAGGGAGAAAGATAAGT-TAGAGAATTA",-3,0.0031442642211914062,0.100572,0.102437
"T-G--G-A--TCAAG-AT--G-G--T---GT-GA-AAGATAA-AG-A-A-----A-A---T--AGTGTA-G--------TG-------
AAGAAGGAGATTAAGCATATGAGAATTCAGGAGACAA-ATAATAGGATACGTGGAGAAGGTGGAGTGGACGAAAGAGGATGATATAAG",-16,0.0038552284240722656,0.130502,0.132727
"TGGATCAAGA----TG-G---T--GT--G---AA-A-GATAA-AGAA--A---ATAG--T-GTA---GT-G----------
-G-ATCAAGAGGGGTGAGAAGTTTGTTAGTGGAACATGTTAAGAGAAGCAGGTATAGAATTGTAAATGTTGTGGCGTTATA",-5,0.003464937210083008,0.11898,0.121149
"GTAATGAAGT-GATGA-G-A-AGG-GAAT--ATG-G-CTAGGAA-AG-AGACGCAG-GAAGG-G-AGAA-A-GATAAGTTAG-A-GA-ATTA-
--AA-GAAGGAGATTAAGCATATGAGAATTCAGGAGACAAATAATAGGATACGTGGAGAAGGTGGAGTGGACGA-AAG--AGGATGATATAAG",15,0.006464719772338867,0.208772,0.211293
"G-T-AATGAAGTGATGAGAAGG--GAATA-TGG--CTAGGA-AAGAGACGCAGGAAGGGAGAAA-GATAA--GTTAGAGAA-TTA--
GATCAA-GAGGGG-TGAGAAGTTTGT-TAGTGGAAC-ATGTTAAGAGAAGCAGGTAT--AGAATTG-TAAATGTT-GTGGCGTTATA",17,0.005854129791259766,0.19854,0.200757
"-A--A-GAAGG---AGA--TTAAGCATA-TGAGAA--T-TCAGGAGA--CAAATAATAGGATACGTGGAGAAGGTGGAGTGGACGAAAGAGGATGATATAAG
GATCAAGAGGGGTGAGAAGTTT-GT-TAGTG-GAACATGTTAAGAGAAGCAGGTA-TAGAATT-GT--A-AATGTTG--TGG-CG--------T--TATA--",4,0.007337093353271484,0.250458,0.253051
"GGGAGA-GGT-A-G-GTTG-A-ATTTGTGA-TGTTTAG-GGGCGGAAGAGGAT
TGGT-ATGGTTAAGTGTTGGAGA---G-GAGTGGTTGGTGGG-GG--G-GG--",7,0.0019278526306152344,0.065356,0.066853
"G-GGAGAGGTAGGTTGAATTT-GT-GATGTTT-AG---GGGCGGAAGAGG-A-T-
GCGGA-ACG--GGATAAATCAAGTCGGTGTCACAGTCAGGGCGGGCGGGGCAGTC",7,0.002596139907836914,0.086288,0.087801
"GGGA--GAG-G--TAG---GTTG--AAT-TT-GTGATGTT--T-AGGGG-C-GGAAG-AG-GA--T-----
AGGATTG-GCGAATAGCTAGTTGTGAAAGTTAGAGA-GTTGGTGATGGGTCAGGGAGTAGTGGGCTGGTTT",3,0.0032181739807128906,0.104672,0.106505
"GGGAGAGGTAGGTTGAATTTGTGATGTTTAGGGGCGGAAGAGG-AT
AGGA-AGGT---TA-AATT-G-GAGGT---GGGGAGGAGGAGTTAT",12,0.0016598701477050781,0.052142,0.053391
"T-GGTATGGT-TAAGT---GTTGGAG--AGGAGTG-GTTGGTGGG-GGGG--G--
GCGGAACGGGATAAATCAAGTCGGTGTCAC-AGTCAG--GGCGGGCGGGGCAGTC",3,0.0024709701538085938,0.08218,0.083693
"TGGTAT-GGTTAA--G-T-GTTG-GA--G--AG-GAGT-GGT--TGG-T--GGG-G--G-GGG-------
AGG-ATTGGCGAATAGCTAGTTGTGAAAGTTAGAGAGTTGGTGATGGGTCAGGGAGTAGTGGGCTGGTTT",6,0.0030782222747802734,0.097998,0.099823
"TGGTATGGTTAAGTGTTGGAGAGGAGTGGTTGGTGGGGGGGG---
AGGAA-GGTTAAAT-T-GGAG-G---TGG--GGAGGAGGAGTTAT",7,0.0017058849334716797,0.048904,0.050145
"GCGGAACGG-GATAAATCAAGTCG-GT--GTCACAG--TC----A-GGG-C-GGGCG--G-GG-CAG-TC-
A-GGATTGGCGA-ATAGCTAGTTGTGAAAGTTAGAGAGTTGGTGATGGGTCAGGGAGTAGTGGGCTGGTTT",1,0.003885030746459961,0.127852,0.129685
"GCGGAACGGGATAAATCAAGTCGGTGTCACAGTCAGGGCGGGCGGGGCAGTC--
A-GGAA-GGT-TAAAT----T-GGAG-----GT--GGG-GAG-GAGG-AGTTAT",2,0.002042055130004883,0.065986,0.067491
